{
  "project_info": {
    "project_number": "331108112875",
    "firebase_url": "https://tambak-fams-default-rtdb.firebaseio.com",
    "project_id": "tambak-fams",
    "storage_bucket": "tambak-fams.appspot.com"
  },
  "client": [
    {
      "client_info": {
        "mobilesdk_app_id": "1:331108112875:android:f33be6ca373b7f2272a1ae",
        "android_client_info": {
          "package_name": "com.tambak.fams"
        }
      },
      "oauth_client": [
        {
          "client_id": "331108112875-at49ls3hlcldca2lc4f77h6obsvcrrq6.apps.googleusercontent.com",
          "client_type": 1,
          "android_info": {
            "package_name": "com.tambak.fams",
            "certificate_hash": "528c721c13f32b6e513b8ebd7a65875fb202e41a"
          }
        },
        {
          "client_id": "331108112875-85vvvp0h927fe2ciah10sqlp8kg2ag30.apps.googleusercontent.com",
          "client_type": 3
        }
      ],
      "api_key": [
        {
          "current_key": "AIzaSyC36I-9gWM7bLmVutyvaDoT1LVxhwKjrqA"
        }
      ],
      "services": {
        "appinvite_service": {
          "other_platform_oauth_client": [
            {
              "client_id": "331108112875-85vvvp0h927fe2ciah10sqlp8kg2ag30.apps.googleusercontent.com",
              "client_type": 3
            }
          ]
        }
      }
    }
  ],
  "configuration_version": "1"
}